Mask,SN,X_n (m) (m),Y_n (m) (m),POMKH,cv_rabi_96_3-POMKH-Krig,cv_rabi_96_3-POMKH-Var,kme,ev,ratio
0,1,628065.0333,3176376.071,3.9,4.26117661,3.69621697,-0.36117661,0.130448544,0.035292448
0,2,633400.2458,3184439.532,2.07,2.040129129,3.35571263,0.029870871,0.000892269,0.000265896
0,3,618845.5081,3175662.742,4.24,7.179917658,4.4935221,-2.939917658,8.643115836,1.923461295
0,4,604039.237,3192603.884,7.72,7.337640917,4.99461485,0.382359083,0.146198468,0.02927122
0,5,589392.5268,3194482.152,8.3,9.080310761,4.66119685,-0.780310761,0.608884884,0.130628442
0,6,595967.6322,3182377.071,9.48,8.956073538,3.59465971,0.523926462,0.274498938,0.076362983
0,7,558905.3026,3196595.01,14.51,15.12388043,4.64415448,-0.613880433,0.376849186,0.081144843
0,8,550281.3818,3199170.258,17.39,14.23305847,5.31175121,3.156941529,9.966279818,1.876270071
0,9,621436.9106,3187386.458,7.12,3.126679093,4.26850475,3.993320907,15.94661187,3.735877737
0,10,623200.4989,3148620.734,12.78,11.16037533,3.20613706,1.619624668,2.623184065,0.818175897
0,11,619055.1992,3155041.882,9.76,11.20942376,3.77200895,-1.44942376,2.100829236,0.556952347
0,12,584016.4754,3169881.174,10.92,10.47214011,8.31523051,0.447859886,0.200578477,0.024121818
0,13,602159.9295,3175196.71,9.43,9.242375715,4.09462088,0.187624285,0.035202872,0.008597346
0,14,645617.2983,3309583.855,8.99,10.33999188,6.05746955,-1.349991876,1.822478065,0.300864585
0,15,620560.839,3140744.524,14.54,12.75026497,4.48211787,1.789735034,3.203151492,0.714651329
0,16,628241.7919,3135284.97,14.48,12.29371927,4.95006464,2.186280732,4.779823439,0.965608287
0,17,671633.1517,3419901.096,9.83,6.767210206,7.12380365,3.062789794,9.380681322,1.316807956
0,18,679418.753,3397483.443,8.65,5.888076983,5.28804523,2.761923017,7.628218752,1.442540376
0,19,679522.6846,3252802.913,1.99,4.750281841,5.97347959,-2.760281841,7.619155842,1.275497091
0,20,663022.212,3247011.109,6.46,2.874690019,4.62451668,3.585309981,12.85444766,2.77963051
0,21,675714.2986,3237500.996,1.95,2.886559071,3.36627536,-0.936559071,0.877142893,0.260567779
0,22,639697.1645,3201999.114,2.06,1.984847012,3.46742305,0.075152988,0.005647972,0.001628867
0,23,635133.1624,3210164.176,2.54,1.717492748,3.39408183,0.822507252,0.67651818,0.199322884
0,24,663620.5244,3214629.027,3.61,3.214037495,2.71905852,0.395962505,0.156786305,0.057661983
0,25,643749.0216,3213655.056,1.85,2.621664802,3.44278284,-0.771664802,0.595466567,0.172960827
0,26,636184.2602,3189858.987,1.19,2.107877263,3.66676363,-0.917877263,0.84249867,0.229766288
0,27,654399.9597,3196090.707,1.66,2.218050484,3.56441694,-0.558050484,0.311420343,0.087369224
0,28,673079.7198,3197278.899,2.22,2.035949887,3.37380965,0.184050113,0.033874444,0.010040414
0,29,667368.4236,3198734.236,1.57,3.347777293,3.4215226,-1.777777293,3.160492104,0.923709258
0,30,654523.0851,3186856.407,1.27,2.065367039,3.15346579,-0.795367039,0.632608727,0.200607449
0,31,647762.0665,3206625.124,2.15,2.480246077,3.08031517,-0.330246077,0.109062471,0.03540627
0,32,660028.0945,3210329.634,6.46,2.413090422,3.21167594,4.046909578,16.37747713,5.099355426
0,33,514028.0649,3241232.442,5.82,8.674407364,5.72530192,-2.854407364,8.1476414,1.423093754
0,34,498112.1828,3244609.401,8.2,9.738287882,4.95476863,-1.538287882,2.366329608,0.477586298
0,35,492859.8847,3255229.607,11.94,8.918019407,3.62221616,3.021980593,9.132366704,2.521209751
0,36,464505.926,3278059.104,14.35,12.38729666,4.33775811,1.962703344,3.852204417,0.888063446
0,37,488019.321,3264005.319,10.59,10.98595247,4.26008106,-0.395952471,0.156778359,0.036801731
0,38,493697.7163,3307552.518,9.6,10.19843582,3.7518053,-0.598435821,0.358125432,0.095454162
0,39,491542.6769,3294934.429,10.97,10.1480109,4.67828595,0.821989103,0.675666085,0.144425991
0,40,500805.1298,3299394.221,8.07,8.996609083,4.02159566,-0.926609083,0.858604393,0.213498438
0,41,477731.8816,3303110.01,13.45,10.66017877,3.80918381,2.789821226,7.783102473,2.043246759
0,42,464865.5939,3306836.845,11.56,10.619541,3.98119835,0.940458999,0.884463129,0.222160026
0,43,453278.5528,3293951.821,13.31,14.00665817,4.69441281,-0.696658166,0.4853326,0.103385156
0,44,468318.0561,3294822.34,11.38,12.95028966,3.82576312,-1.570289656,2.465809604,0.644527517
0,45,481097.3147,3310029.208,12.51,10.84833291,3.4166983,1.661667086,2.761137505,0.808130324
0,46,474670.7935,3313735.636,8.97,11.37053454,3.46269139,-2.400534541,5.762566083,1.664187025
0,47,472839.1733,3276989.36,11.32,12.88137827,4.16389418,-1.561378272,2.437902108,0.585486087
0,48,457067.4574,3301631.608,13.68,12.27636141,3.7654086,1.403638594,1.970201303,0.523237054
0,49,464668.5822,3286984.541,13.82,13.1151817,3.41717537,0.704818305,0.496768843,0.145374114
0,50,682721.6379,3229913.005,1.27,2.491479562,4.0730142,-1.221479562,1.49201232,0.366316503
0,51,657187.3252,3220142.6,2.13,2.864689368,2.74951198,-0.734689368,0.539768467,0.196314281
0,52,671748.3515,3231898.09,5.94,2.535275369,2.39077294,3.404724631,11.59214981,4.848703789
0,53,680923.9666,3215412.041,1.9,3.21170098,3.41885382,-1.31170098,1.720559461,0.503256223
0,54,673180.2811,3217601.934,3.28,3.017853063,2.77426423,0.262146937,0.068721017,0.024770898
0,55,661884.54,3232154.171,3.45,3.008913425,2.65083519,0.441086575,0.194557367,0.073394743
0,56,673361.8671,3232384.355,2.1,4.315207637,2.3301455,-2.215207637,4.907144875,2.105939254
0,57,663948.3833,3220083.372,2.65,2.664749222,2.64550228,-0.014749222,0.00021754,8.223E-05
0,58,660131.0902,3222338.555,1.22,2.664353754,2.39011882,-1.444353754,2.086157767,0.872825965
0,59,649631.9383,3229277.631,3.25,2.426833319,2.88584036,0.823166681,0.677603385,0.234802796
0,60,676579.054,3207646.661,2.65,2.82561946,1.9954769,-0.17561946,0.030842195,0.015456052
0,61,675748.2608,3208865.578,2.92,2.722442431,1.91177839,0.197557569,0.039028993,0.020415019
0,62,681192.5247,3198326.952,2.92,2.062992056,3.33095462,0.857007944,0.734462616,0.220496134
0,63,692508.5804,3202205.14,1.19,2.538958415,3.69361628,-1.348958415,1.819688805,0.492657782
0,64,695676.8486,3207062.323,1.65,2.384431475,3.50618337,-0.734431475,0.539389591,0.153839527
0,65,691144.2916,3210958.577,3.8,1.467993428,3.16635996,2.332006572,5.438254652,1.717509923
0,66,674467.3352,3213002.818,2.74,3.030891822,2.26816669,-0.290891822,0.084618052,0.037306805
0,67,646325.2551,3234314.648,1.75,4.01400613,3.47972134,-2.26400613,5.125723757,1.473027078
0,68,661413.1581,3236827.486,2.9,3.954662714,3.01884226,-1.054662714,1.11231344,0.368456959
0,69,657999.5986,3229852.139,2.94,2.379309067,2.7950761,0.560690933,0.314374322,0.112474334
0,70,721188.8071,3354269.174,4.54,10.8335416,7.08294835,-6.293541604,39.60866592,5.592115594
0,71,739225.8931,3354649.593,11.72,4.801002626,11.4783625,6.918997374,47.87252466,4.170675448
0,72,715235.8217,3137471.922,3.45,2.03201701,13.551542,1.41798299,2.01067576,0.14837247
0,73,540795.5088,3262072.151,10.39,4.615575374,6.489638,5.774424626,33.34397976,5.138033857
0,74,586657.9767,3286341.071,5.88,7.495821799,4.156277,-1.615821799,2.610880086,0.628177594
0,75,568231.6133,3267283.415,4.81,5.895549167,3.10247119,-1.085549167,1.178416994,0.379831728
0,76,564571.4316,3271878.845,4.69,6.544276937,3.15490304,-1.854276937,3.438342959,1.089841087
0,77,548337.6652,3292789.064,6.36,5.732806488,4.32620743,0.627193512,0.393371701,0.09092761
0,78,555899.5878,3284298.237,8.67,5.736366242,4.03146519,2.933633758,8.606207026,2.134759106
0,79,525902.1943,3239406.666,7.27,10.45741674,5.24996329,-3.187416739,10.15962547,1.935180287
0,80,579314.0571,3279822.43,6.8,5.318813149,4.51328963,1.481186851,2.193914488,0.486100975
0,81,562759.6581,3234625.706,8.29,7.426136262,3.54360263,0.863863738,0.746260558,0.210593748
0,82,590130.1208,3255432.527,7.55,6.022366001,4.2112458,1.527633999,2.333665635,0.554150896
0,83,588091.5264,3240333.822,3.63,6.241840236,3.45205499,-2.611840236,6.821709418,1.976129997
0,84,597886.8696,3246570.225,6.63,4.868221508,3.21051202,1.761778492,3.103863455,0.966781447
0,85,571933.0704,3256687.277,6.79,6.534179371,4.31486161,0.255820629,0.065444194,0.015167159
0,86,577353.2215,3232253.046,10.6,6.213144968,4.39878885,4.386855032,19.24449707,4.37495359
0,87,564079.4487,3215858.376,7.94,11.05175319,4.23139307,-3.11175319,9.683007915,2.288373535
0,88,547853.9936,3216394.798,15.72,13.91119807,4.18561457,1.808801934,3.271764436,0.781668828
0,89,589510.7247,3231418.547,7.11,5.080007726,3.99943868,2.029992274,4.120868632,1.030361749
0,90,553186.159,3232576.452,10.42,9.15645301,4.12234835,1.26354699,1.596550996,0.387291626
0,91,614019.6355,3251492.299,8.94,8.168979364,3.88730779,0.771020636,0.594472821,0.152926615
0,92,606522.793,3231564.659,2.61,4.555791245,4.86079612,-1.945791245,3.786103569,0.778906063
0,93,593882.4287,3241611.387,3.54,5.267358729,3.31803121,-1.727358729,2.983768179,0.899258624
0,94,605592.6838,3244484.53,4.65,5.94746255,3.99249543,-1.29746255,1.683409069,0.42164333
0,95,555439.7823,3241051.163,5.88,9.073470714,3.94718399,-3.193470714,10.1982552,2.5836787
0,96,558435.841,3209057.258,13.37,12.68366983,4.06051204,0.686330173,0.471049106,0.116007317
0,97,627023.805,3221615.665,1.55,3.088824109,4.9139755,-1.538824109,2.367979638,0.481886741
0,98,569700.4095,3225278.524,6.7,8.731716724,3.81743683,-2.031716724,4.127872847,1.081320538
0,99,588834.244,3214176.504,7.32,8.49570278,5.13552704,-1.17570278,1.382277027,0.269159721
0,100,538633.5942,3224669.75,14.8,12.38634508,4.63474913,2.413654919,5.825730068,1.256967725
0,101,639781.2016,3172508.9,1.31,2.71028667,3.44585578,-1.40028667,1.960802758,0.56903216
0,102,653609.1943,3173914.209,1.18,2.417727847,3.28965689,-1.237727847,1.531970223,0.465693011
0,103,659561.792,3175379.544,2.05,2.783491983,2.9632813,-0.733491983,0.538010489,0.181559034
0,104,645986.1005,3175663.35,3.07,0.916398525,3.34832886,2.153601475,4.637999313,1.385168395
0,105,659189.2882,3182763.248,2.29,1.870750978,3.10877051,0.419249022,0.175769742,0.056539954
0,106,647482.8548,3164599.766,2.3,2.583550577,3.90416279,-0.283550577,0.08040093,0.020593642
0,107,638684.2325,3150486.022,5.7,7.401928146,5.87191293,-1.701928146,2.896559414,0.493290593
0,108,661527.4673,3150931.473,2.07,3.487550648,4.7899737,-1.417550648,2.00944984,0.419511664
0,109,668260.737,3155643.928,2.55,3.99495646,2.72960028,-1.44495646,2.087899171,0.764910228
0,110,661854.61,3166636.941,4.4,2.680499901,3.2996809,1.719500099,2.95668059,0.896050461
0,111,673351.6886,3151561.63,2.94,4.029481451,3.8354248,-1.089481451,1.186969832,0.309475454
0,112,669566.7096,3159357.208,6,2.890509477,2.95671842,3.109490523,9.668931313,3.270156281
0,113,686703.037,3184250.406,1.56,2.919466642,5.83685011,-1.359466642,1.848149551,0.316634746
0,114,624417.7363,3262068.674,9.39,5.544634111,4.03727335,3.845365889,14.78683882,3.662580543
0,115,608939.7796,3274991.78,7.8,8.031413976,3.23734618,-0.231413976,0.053552428,0.016542077
0,116,634449.6722,3267879.299,2.04,4.266128692,5.14147002,-2.226128692,4.955648953,0.963858378
0,117,601722.6198,3269844.856,10.97,7.815258271,4.16649099,3.154741729,9.952395377,2.388675603
0,118,620872.3314,3253564.336,10.11,7.408482476,3.7868949,2.701517524,7.298196932,1.92722458
0,119,611715.381,3266399.456,6.28,9.396428394,3.45076076,-3.116428394,9.712125935,2.814488343
0,120,601198.1453,3283230.894,10.2,7.762920948,3.5405293,2.437079052,5.939354306,1.677532878
0,121,621842.1102,3276047.907,2.29,3.776001079,3.05204505,-1.486001079,2.208199207,0.723514617
0,122,656172.5827,3302953.274,13.23,7.703608146,4.35803731,5.526391854,30.54100692,7.007972799
0,123,647177.4636,3282817.193,2.08,6.839006206,5.03317657,-4.759006206,22.64814007,4.499770623
0,124,617768.5129,3279698.668,3.32,4.284705958,2.9731632,-0.964705958,0.930657585,0.313019341
0,125,621219.2554,3283891.534,2.23,2.638223185,3.94510766,-0.408223185,0.166646169,0.042241222
0,126,649888.9484,3291166.438,8.41,6.179815363,4.35297634,2.230184637,4.973723515,1.142602929
0,127,669323.2617,3285439.582,4.98,6.794281493,2.77834827,-1.814281493,3.291617336,1.184738923
0,128,682773.9269,3301449.411,8.58,7.4877235,5.41999036,1.0922765,1.193067952,0.22012363
0,129,673231.6801,3276107.404,4.78,5.777517381,3.54989247,-0.997517381,0.995040925,0.280301709
0,130,678186.7599,3286039.135,6.91,5.704846925,2.57808553,1.205153075,1.452393934,0.563361424
0,131,683233.5483,3289816.122,7.42,6.936415329,3.6382684,0.483584671,0.233854134,0.064276218
0,132,665447.7867,3274758.336,7.36,4.593960146,4.48848758,2.766039854,7.650976474,1.704577842
0,133,666823.5522,3290790.755,7.28,6.475491602,2.86670079,0.804508398,0.647233762,0.225776532
0,134,676593.9292,3293250.57,7.06,6.817135338,2.8334993,0.242864662,0.058983244,0.020816396
0,135,681487.2896,3281472.933,5.4,5.955588879,3.2368142,-0.555588879,0.308679002,0.095365067
0,136,670773.6411,3296085.371,5.26,7.86776046,3.15114091,-2.60776046,6.800414617,2.15808014
0,137,671429.8298,3305795.567,8.14,8.672267514,4.44471278,-0.532267514,0.283308706,0.063740611
0,138,671703.747,3365389.368,4.2,2.331699772,2.42529385,1.868300228,3.490545742,1.439225907
0,139,677308.0824,3365479.342,2.97,2.687842781,3.57067199,0.282157219,0.079612696,0.022296278
0,140,696623.7386,3360267.314,5.23,4.927489911,2.82873323,0.302510089,0.091512354,0.032351002
0,141,691901.9497,3362955.139,7.6,3.793568946,2.74279566,3.806431054,14.48891737,5.282536202
0,142,694055.5753,3369461.587,4.83,6.243502847,3.07846137,-1.413502847,1.997990298,0.649022371
0,143,686132.3156,3372402.817,4.29,4.45730765,3.46582492,-0.16730765,0.02799185,0.008076533
0,144,699717.8078,3366330.039,4.87,7.388638927,3.30220139,-2.518638927,6.343542045,1.92100399
0,145,703999.8203,3372878.282,11.55,5.492254987,5.20441417,6.057745013,36.69627464,7.050990456
0,146,694711.7603,3355150.81,3.09,4.385077928,2.45605289,-1.295077928,1.67722684,0.682895245
0,147,696773.6794,3351953.684,3.61,3.670806473,3.01787209,-0.060806473,0.003697427,0.001225177
0,148,669345.0578,3362580.678,2.21,4.283320208,2.6156182,-2.073320208,4.298656685,1.643457247
0,149,556319.5233,3385420.243,9.95,12.28339563,3.2395664,-2.333395626,5.444735147,1.680698734
0,150,554756.8667,3378485.746,12.86,10.57604093,4.3069501,2.283959074,5.216469052,1.211174713
0,151,537642.248,3357634.234,12.4,9.713432141,4.4050217,2.686567859,7.217646861,1.638504269
0,152,548867.3212,3354908.328,11.87,10.44817318,3.83457763,1.421826824,2.021591517,0.527200571
0,153,555294.9788,3351245.054,8.79,10.65406702,4.58380197,-1.864067017,3.474745844,0.758048857
0,154,539696.4529,3343327.811,8.62,5.78002184,3.49421981,2.83997816,8.065475949,2.308233708
0,155,574180.4878,3458955.887,8.26,8.447446567,3.17660745,-0.187446567,0.035136215,0.011060925
0,156,567302.0498,3459279.053,9.31,9.070656869,3.55906043,0.239343131,0.057285134,0.016095578
0,157,573048.6967,3454360.448,10.45,8.631110413,2.72641158,1.818889587,3.30835933,1.213448239
0,158,537608.8093,3472584.786,7.15,6.108464561,5.21916999,1.041535439,1.084796071,0.207848388
0,159,533231.7285,3486916.94,4.51,7.041452536,3.90882448,-2.531452536,6.408251942,1.639432002
0,160,545803.9913,3415847.219,7.29,11.68370772,6.20683946,-4.393707717,19.3046675,3.110225039
0,161,617724.0706,3415412.909,8.9,9.76859248,2.54537451,-0.86859248,0.754452896,0.296401529
0,162,615065.9332,3420526.037,8.47,8.841066232,3.01494561,-0.371066232,0.137690149,0.045669198
0,163,602083.9194,3417776.639,7.72,7.530817525,6.0091874,0.189182475,0.035790009,0.005955882
0,164,557484.9799,3391583.326,12.75,9.615663954,3.62656847,3.134336046,9.824062449,2.708914096
0,165,575136.0795,3398465.006,8.05,8.786498499,3.21880287,-0.736498499,0.542430039,0.168519186
0,166,570995.0731,3401207.571,8.7,8.844589334,3.53348765,-0.144589334,0.020906076,0.005916555
0,167,596557.5154,3391585.776,7.45,9.224607464,6.41039779,-1.774607464,3.149231651,0.491269303
0,168,544115.4136,3393829.051,9.79,12.7019954,4.02969588,-2.911995398,8.479717198,2.104306988
0,169,550271.9159,3397396.29,11.19,10.42633033,3.51446889,0.76366967,0.583191365,0.165940113
0,170,571703.0729,3414604.392,10.44,8.428162885,5.00250748,2.011837115,4.047488577,0.809091959
0,171,534224.1334,3297600.026,2.06,5.959507442,5.7283105,-3.899507442,15.20615829,2.654562508
0,172,552279.9563,3311059.788,4.63,3.574100203,3.88142544,1.055899797,1.114924381,0.287246116
0,173,553051.0703,3317989.237,3.88,4.428507987,2.73033409,-0.548507987,0.300861012,0.110192014
0,174,557070.1408,3318009.251,5.84,4.081911534,2.95339804,1.758088466,3.090875054,1.046548759
0,175,542411.2266,3332564.371,2.7,3.315738413,2.91195793,-0.615738413,0.379133793,0.130198925
0,176,547393.9579,3325043.23,2.81,3.030748649,3.05954179,-0.220748649,0.048729966,0.01592721
0,177,536560.3773,3337837.768,3.2,5.533958339,3.28048626,-2.333958339,5.447361528,1.660534779
0,178,518011.9113,3280479.697,4.6,8.196056473,6.79721381,-3.596056473,12.93162216,1.902488655
0,179,566807.8102,3302826.759,4.7,4.396331384,2.20184059,0.303668616,0.092214628,0.041880701
0,180,566816.1142,3301441.636,4.16,4.863260877,2.28694202,-0.703260877,0.494575861,0.216260778
0,181,549365.6344,3333209.031,2.51,5.521691158,3.66548029,-3.011691158,9.070283631,2.474514365
0,182,518585.406,3416688.639,12.9,12.07324279,4.36382311,0.826757206,0.683527478,0.15663501
0,183,504782.0002,3410208.87,6.97,10.34246022,4.27783615,-3.372460216,11.37348791,2.658701154
0,184,511696.3954,3403749.59,12.82,9.77520531,3.38891856,3.04479469,9.270774704,2.735614486
0,185,529627.8512,3408093.941,13.7,11.79133995,4.29441703,1.908660046,3.642983171,0.848306801
0,186,522188.6268,3407614.172,14.12,13.43326338,3.2111975,0.686736625,0.471607192,0.146863341
0,187,520743.7488,3398991.796,13.28,12.37048619,3.73596702,0.909513808,0.827215367,0.221419344
0,188,495214.5749,3402512.932,5.83,5.869967846,3.73383537,-0.039967846,0.001597429,0.000427825
0,189,507049.956,3395310.85,9.66,7.83500694,3.62885981,1.82499306,3.330599669,0.917808856
0,190,518313.2719,3389444.518,7.64,11.37779078,3.32471033,-3.737790781,13.97107992,4.202194638
0,191,500133.078,3389428.955,7.12,6.082002654,3.06852986,1.037997346,1.07743849,0.351125307
0,192,509721.1518,3383276.75,7.05,7.312803511,3.85129951,-0.262803511,0.069065685,0.017933086
0,193,535292.3136,3382406.553,13.74,13.07621219,4.89008001,0.663787809,0.440614255,0.09010369
0,194,521791.5876,3380554.679,10.84,9.332659124,3.79776178,1.507340876,2.272076516,0.598267255
0,195,498137.7897,3395431.835,5.57,6.700936495,2.76027616,-1.130936495,1.279017356,0.463365722
0,196,453599.0476,3369673.384,1.74,2.967328863,4.56329704,-1.227328863,1.506336138,0.3300982
0,197,437723.8485,3368367.602,3.95,1.190512124,4.05631568,2.759487876,7.614773338,1.877263492
0,198,456456.1673,3383821.935,1.95,2.620101689,4.05724161,-0.670101689,0.449036274,0.110675261
0,199,475474.2649,3373141.885,1.56,3.966950024,4.93027736,-2.406950024,5.793408418,1.175067444
0,200,448363.082,3322445.848,7.36,9.148603754,4.609253,-1.788603754,3.199103389,0.694061139
0,201,444109.3112,3349678.158,1.48,2.607823252,4.54269391,-1.127823252,1.271985288,0.280006823
0,202,460618.724,3371338.701,2.46,2.020845567,3.87445214,0.439154433,0.192856616,0.049776487
0,203,462782.1506,3325312.002,5.3,8.119279948,4.27957764,-2.819279948,7.948339425,1.857271931
0,204,440749.0936,3360654.73,1.35,2.504964754,3.34607933,-1.154964754,1.333943583,0.398658684
0,205,657535.437,3365020.828,12.64,6.884735278,3.67975943,5.755264722,33.12307202,9.001423232
0,206,659181.2732,3381982.19,5.98,7.367302333,2.6342117,-1.387302333,1.924607763,0.730620004
0,207,656984.7439,3386415.382,8.47,7.105898064,2.61366791,1.364101936,1.860774092,0.711939755
0,208,670022.9773,3370444.423,1.71,3.750652868,2.54592706,-2.040652868,4.164264128,1.635657279
0,209,624022.7892,3368897.439,8.03,6.887552338,6.27852035,1.142447662,1.30518666,0.20788125
0,210,665931.4509,3371058.597,4.1,4.255218421,2.655781,-0.155218421,0.024092758,0.009071817
0,211,657795.0652,3358157.423,8.13,9.786512592,4.43492807,-1.656512592,2.744033967,0.618732463
0,212,665713.2835,3364372.514,3.32,5.482018737,2.77063647,-2.162018737,4.674325019,1.687094308
0,213,665445.2037,3381922.304,5.46,3.353279843,2.96030189,2.106720157,4.43826982,1.49926257
0,214,647018.5202,3442630.152,1.84,3.255339875,3.43517505,-1.415339875,2.003186962,0.583139704
0,215,650132.0444,3447293.464,1.92,3.056927084,3.18080105,-1.136927084,1.292603194,0.406376625
0,216,634955.0948,3453555.475,4.83,3.378083316,3.00926904,1.451916684,2.108062057,0.700522961
0,217,647704.581,3454188.525,2.21,3.890889086,3.70427524,-1.680889086,2.825388119,0.762737091
0,218,637643.1744,3460519.305,6.04,2.562696682,3.02872744,3.477303318,12.09163837,3.992316445
0,219,630893.4663,3460894.965,2.15,4.184028106,2.73790097,-2.034028106,4.137270336,1.511110293
0,220,633195.3685,3467082.986,2.59,3.841477564,3.33088787,-1.251477564,1.566196093,0.470203788
0,221,626452.0201,3467307.407,2.68,3.43155189,3.67609149,-0.75155189,0.564830243,0.15364967
0,222,635980.9243,3414767.637,11.15,12.24201169,3.36145273,-1.092011692,1.192489535,0.354754218
0,223,631637.7774,3415821.762,13.32,11.83714155,3.39191904,1.482858447,2.198869174,0.648266998
0,224,649968.6092,3421360.457,3.75,5.997543144,2.96606035,-2.247543144,5.051450184,1.703084087
0,225,646863.9467,3425074.261,6.3,4.35089435,3.12966497,1.94910565,3.799012835,1.213872051
0,226,640574.2168,3449009.596,2.88,3.103405692,3.07628864,-0.223405692,0.049910103,0.016224129
0,227,656370.2971,3401188.398,6.25,6.562996097,3.43988389,-0.312996097,0.097966557,0.028479611
0,228,651135.3854,3395108.352,11.35,8.599420948,3.65493449,2.750579052,7.565685121,2.069991991
0,229,651432.5933,3411742.029,5.97,6.257327397,3.60649309,-0.287327397,0.082557033,0.022891222
0,230,676975.6934,3385800.863,2.14,5.236214209,4.25549918,-3.096214209,9.586542428,2.252742163
0,231,662536.0795,3389269.275,2.88,6.028296432,3.02604117,-3.148296432,9.911770424,3.275490936
0,232,572364.9938,3314712.705,6.25,5.430039135,4.33823332,0.819960865,0.67233582,0.154979175
0,233,576472.3301,3302119.48,4.49,6.132525568,3.89132933,-1.642525568,2.697890242,0.693308125
0,234,565543.1297,3312515.473,4.09,5.245888982,3.41806856,-1.155888982,1.336079339,0.390887226
0,235,597619.0038,3292895.923,6.56,8.796679798,2.97055554,-2.236679798,5.002736519,1.684108057
0,236,584219.0924,3393452.546,8.05,8.496219363,4.59596032,-0.446219363,0.19911172,0.043323203
0,237,594753.2544,3298258.341,9.11,6.362406258,3.62654089,2.747593742,7.549271371,2.081672757
0,238,598561.9982,3439604.203,7.75,6.916180877,3.92019802,0.833819123,0.69525433,0.177351839
0,239,595686.4523,3449892.512,6.48,7.156713697,3.64337228,-0.676713697,0.457941428,0.125691637
0,240,607337.1643,3436610.464,5.57,9.339494396,3.48724311,-3.769494396,14.209088,4.074590602
0,241,606995.7904,3444150.834,11.26,8.505106074,3.34312109,2.754893926,7.589440544,2.270166213
0,242,624046.0885,3435869.132,11.96,10.15352374,4.73934519,1.806476265,3.263356496,0.688566957
0,243,499206.6463,3458694.151,8.3,9.549009273,4.56270019,-1.249009273,1.560024164,0.341908102
0,244,499999.9985,3472086.16,8.34,9.498431119,4.40399678,-1.158431119,1.341962657,0.304714723
0,245,511082.7573,3481635.956,8.05,8.001184239,4.00203151,0.048815761,0.002382979,0.000595442
0,246,492069.5385,3462853.243,8.77,8.787297281,4.75012831,-0.017297281,0.000299196,6.29869E-05
0,247,509508.6513,3471628.685,10.86,8.161770988,4.40029171,2.698229012,7.280439801,1.654535717
0,248,466259.7479,3451821.319,8.54,6.233196926,10.8475886,2.306803074,5.321340422,0.490555147
0,249,509223.0219,3342490.242,8.2,6.670658359,4.19987021,1.529341641,2.338885855,0.556894794
0,250,500000.0033,3356830.463,6.85,5.89449953,3.86272022,0.95550047,0.912981148,0.236357048
0,251,523231.9242,3354823.617,6.88,6.80627811,3.07737509,0.07372189,0.005434917,0.001766089
0,252,523223.0661,3358979.157,6.23,7.816019805,3.09693674,-1.586019805,2.515458822,0.812240944
0,253,512808.3599,3362655.757,7.15,7.215437754,2.29336049,-0.065437754,0.0042821,0.001867173
0,254,506427.8485,3322173.033,8.7,8.098276809,4.11876815,0.601723191,0.362070799,0.087907546
0,255,516093.412,3305869.519,7.35,6.208178896,4.98709756,1.141821104,1.303755434,0.261425693
0,256,522891.0153,3326196.365,4.64,5.26664521,3.82809261,-0.62664521,0.392684219,0.102579603
0,257,480857.4933,3326343.123,9.57,8.768157625,3.56842588,0.801842375,0.642951194,0.18017782
0,258,503216.0555,3314784.424,9.62,8.592143642,4.23323225,1.027856358,1.056488693,0.249570217
0,259,517395.7038,3330495.604,6.06,6.345241041,3.32664539,-0.285241041,0.081362451,0.024457807
0,260,479664.9121,3332963.105,8.41,7.366242269,3.32672413,1.043757731,1.089430201,0.327478372
0,261,468026.5998,3333298.6,7.14,6.322713962,4.3537546,0.817286038,0.667956468,0.153420789
0,262,523801.0792,3338664.553,6.91,6.164724271,4.2740731,0.745275729,0.555435912,0.129954706
0,263,479149.4115,3343275.73,4.47,6.906009731,4.17738089,-2.436009731,5.93414341,1.420541618
0,264,491319.7113,3352647.623,3.8,6.499842705,4.36127952,-2.699842705,7.289150632,1.671333057
0,265,479788.4527,3356356.693,7.57,3.520954185,4.55508585,4.049045815,16.39477201,3.599223495
0,266,512809.9902,3361270.571,7.41,7.099695618,2.28549214,0.310304382,0.096288809,0.042130449
0,267,491879.2575,3386507.63,5.43,5.220866929,4.48487561,0.209133071,0.043736641,0.00975203
0,268,471429.6729,3406090.09,4.57,3.488517299,3.60908827,1.081482701,1.169604833,0.324072105
0,269,450142.796,3400780.676,1.55,3.781264974,5.84001993,-2.231264974,4.978543384,0.852487396
0,270,498399.9144,3369112.56,5.75,6.24194875,4.38290667,-0.49194875,0.242013573,0.055217597
0,271,467017.4643,3397329.295,1.37,3.435667168,4.24858323,-2.065667168,4.266980849,1.004330295
0,272,460086.3561,3393196.964,3.98,1.646383987,3.86974047,2.333616013,5.445763696,1.407268456
0,273,624981.5791,3401238.792,11.72,9.906130121,4.5008393,1.813869879,3.290123938,0.731002313
0,274,628995.5099,3376960.999,6.14,9.383973207,5.39547523,-3.243973207,10.52336217,1.950405056
0,275,621143.4315,3411355.887,11.15,10.07999849,2.87100351,1.07000151,1.144903231,0.398781551
0,276,421775.7818,3368686.297,1.77,4.21845929,5.6156469,-2.44845929,5.994952895,1.067544488
0,277,418925.028,3333120.079,2.49,3.574135996,3.23562724,-1.084135996,1.175350858,0.363252863
0,278,422152.6134,3335436.32,2.17,3.551402959,2.73757617,-1.381402959,1.908274135,0.697067046
0,279,410085.6347,3332080.559,2.72,4.971358576,3.45783662,-2.251358576,5.068615438,1.465834276
0,280,428584.8538,3357649.302,2.48,2.458245351,4.08904126,0.021754649,0.000473265,0.00011574
0,281,397506.7539,3326341.28,5,6.563928508,7.98394941,-1.563928508,2.445872378,0.306348682
0,282,427851.7938,3331457.155,3.94,5.763607457,3.13482744,-1.823607457,3.325544157,1.060838027
0,283,436930.1684,3323120.898,12.18,8.717794747,2.90196037,3.462205253,11.98686521,4.130609549
0,284,433008.5228,3338843.242,5.36,4.221909872,4.15801345,1.138090128,1.295249139,0.311506722
0,285,410911.987,3321730.288,8,4.381073397,5.17402263,3.618926603,13.09662976,2.531227769
0,286,434782.7013,3326827.274,9.05,8.932849267,2.64393173,0.117150733,0.013724294,0.005190866
0,287,417038.0746,3345447.906,3.85,2.892262373,4.08194711,0.957737627,0.917261362,0.224711722
0,288,468130.0421,3413641.59,4.25,4.639597033,4.44549654,-0.389597033,0.151785848,0.034143733
0,289,407352.3441,3341184.855,4.59,3.186799895,4.32993252,1.403200105,1.968970535,0.454734693
0,290,551828.224,3564584.588,4.97,5.996125462,3.68119283,-1.026125462,1.052933464,0.28603051
0,291,558863.6018,3570165.706,5.9,5.259536708,6.72646591,0.640463292,0.410193228,0.060981983
0,292,542069.5835,3550683.285,3.22,2.232448084,3.22228033,0.987551916,0.975258787,0.302661062
0,293,531704.4165,3554340.587,2.77,2.750488109,5.20518227,0.019511891,0.000380714,7.31413E-05
0,294,537728.0806,3555130.939,2.28,2.877626381,3.0117143,-0.597626381,0.357157291,0.118589367
0,295,544797.4004,3556237.344,2.91,3.406154713,3.53313834,-0.496154713,0.246169499,0.069674458
0,296,553961.6515,3557205.651,6.79,4.294488576,3.15822725,2.495511424,6.227577267,1.971858506
0,297,512622.9913,3516889.801,1.75,5.66683944,8.23229643,-3.91683944,15.3416312,1.863590716
0,298,557815.9852,3547373.477,2.55,5.742607294,3.3755152,-3.192607294,10.19274133,3.019610557
0,299,593893.2375,3487441.422,8.25,6.538613079,4.08412776,1.711386921,2.928845193,0.717128691
0,300,592219.0618,3497741.737,3.9,7.216478634,5.19832481,-3.316478634,10.99903053,2.115879814
0,301,570107.9217,3513733.718,3.28,3.615899497,4.55042658,-0.335899497,0.112828472,0.024795142
0,302,561165.2011,3513368.878,1.88,2.977369867,5.1514291,-1.097369867,1.204220625,0.233764379
0,303,566973.1038,3530494.032,6.43,4.841313418,3.53371255,1.588686582,2.523925056,0.714241756
0,304,570863.7334,3537602.336,7.54,5.390546404,4.906126,2.149453596,4.620150761,0.94171058
0,305,558284.8132,3534135.859,1.85,4.003159631,3.73795546,-2.153159631,4.636096397,1.240275987
0,306,561538.8785,3538773.614,4.97,4.222321127,2.86820908,0.747678873,0.559023697,0.194903398
0,307,592542.0854,3461256.856,5.94,6.821318255,3.56184494,-0.881318255,0.776721867,0.218067288
0,308,587173.1075,3470909.855,5.31,6.391493523,3.31442477,-1.081493523,1.16962824,0.352890266
0,309,598253.8842,3472547.589,9.35,8.596334462,4.39485206,0.753665538,0.568011743,0.129244793
0,310,612784.8275,3447752.12,11.35,11.6145428,3.18370316,-0.264542797,0.069982891,0.021981601
0,311,611391.0046,3454357.615,12.05,10.4297397,3.60445873,1.620260305,2.625243456,0.728332228
0,312,574847.532,3494984.58,3.06,3.386830737,4.17046739,-0.326830737,0.106818331,0.025613036
0,313,582869.4166,3480573.842,6.61,4.611847517,3.0525407,1.998152483,3.992613345,1.307964
0,314,578354.8795,3484233.774,3.51,4.95137085,3.25260356,-1.44137085,2.077549927,0.638734444
0,315,565425.9237,3437684.975,10.45,8.511704213,4.18914775,1.938295787,3.756990558,0.896838876
0,316,573573.4786,3432165.858,9.81,9.758256644,4.25158397,0.051743356,0.002677375,0.000629736
0,317,578347.5802,3442729.618,8.7,9.058220536,3.42506329,-0.358220536,0.128321952,0.037465571
0,318,579788.5461,3448343.946,7.05,8.734386461,3.21672023,-1.684386461,2.83715775,0.882003266
0,319,568381.3321,3447832.811,9.85,9.535907279,3.75151478,0.314092721,0.098654237,0.026297174
0,320,550811.9751,3451274.078,5.42,8.255824699,5.8465529,-2.835824699,8.041901723,1.375494563
0,321,559778.0692,3480108.057,8.05,6.174633527,6.07965554,1.875366473,3.516999408,0.578486624
0,322,477135.1336,3523373.13,8.33,6.690314525,8.73792085,1.639685475,2.688568457,0.307689724
0,323,528067.0679,3494906.56,6.8,4.163148382,4.20878591,2.636851618,6.952986455,1.652017138
0,324,498022.2029,3488249.494,8.09,8.139748039,3.02612805,-0.049748039,0.002474867,0.000817833
0,325,456571.288,3508198.686,6.88,6.926244798,7.63432744,-0.046244798,0.002138581,0.000280127
0,326,468017.8481,3507233.237,6.35,7.294303652,6.00559398,-0.944303652,0.891709387,0.148479799
0,327,495255.4307,3493022.434,7.79,7.659372818,3.39053016,0.130627182,0.017063461,0.005032682
0,328,506590.0342,3492407.69,6.42,7.054184416,4.31445193,-0.634184416,0.402189873,0.093219227
